key,FullName,email,passportNumber,dateOfBirth,specialNeeds,isPublished
passenger-01,Lorem ipsum dolor sit amet,"acme@lorem-ipsum.org",KITYNV,2012/07/02 23:49,
passenger-02,Lorem ipsum dolor sit amet consectetur adipiscingu,"acme@lorem-ipsum.org",KITYNV,2012/07/02 23:49,
passenger-03,Lorem ipsum dolor sit amet consectetur adipiscing,"acme@lorem-ipsum.org",KITYNV,2012/07/02 23:49,
passenger-04,L,"acme@lorem-ipsum.org",KITYNV,2012/07/02 23:49,
passenger-05,Lo,"acme@lorem-ipsum.org",KITYNV,2012/07/02 23:49,
passenger-06,โลเร็ม อิปซัม,"acme@lorem-ipsum.org",KITYNV,2012/07/02 23:49,
passenger-07,لوريم إيبسوم,"acme@lorem-ipsum.org",KITYNV,2012/07/02 23:49,
passenger-08,洛伦·伊普森,"acme@lorem-ipsum.org",KITYNV,2012/07/02 23:49,
passenger-09,<marquee>Hacked</marquee>,"acme@lorem-ipsum.org",KITYNV,2012/07/02 23:49,
passenger-10,<script>alert(‘Hacked!’);</script>,"acme@lorem-ipsum.org",KITYNV,2012/07/02 23:49,
passenger-11,'' or 'A' = 'A,"acme@lorem-ipsum.org",KITYNV,2012/07/02 23:49,
passenger-12,Lorem ipsum dolor sit amet,"acme@lorem-ipsum.org",KITYNV,2012/07/02 23:49,
passenger-13,Lorem ipsum dolor sit amet,"lorem-ipsum@dolor.sit.amet.consectetur.adipiscing.elit.sed.do.eiusmod.tempor.incididunt.ut.labore.et.dolore.magna.aliqua.Ut.enim.ad.minim.veniam.quis.nostrud.exercitation.ullamco.laboris.nisi.ut.aliquip.ex.ea.commodo.consequat.duis.aute.irure.dolor.es.org",KITYNV,2012/07/02 23:49,
passenger-14,Lorem ipsum dolor sit amet,"lorem-ipsum@dolor.sit.amet.consectetur.adipiscing.elit.sed.do.eiusmod.tempor.incididunt.ut.labore.et.dolore.magna.aliqua.Ut.enim.ad.minim.veniam.quis.nostrud.exercitation.ullamco.laboris.nisi.ut.aliquip.ex.ea.commodo.consequat.duis.aute.irure.doloris.edu",KITYNV,2012/07/02 23:49,
passenger-15,Lorem ipsum dolor sit amet,"a@b.esx",KITYNV,2012/07/02 23:49,
passenger-16,Lorem ipsum dolor sit amet,"a@b.es",KITYNV,2012/07/02 23:49,
passenger-17,Lorem ipsum dolor sit amet,"a@b.e",KITYNV,2012/07/02 23:49,
passenger-18,Lorem ipsum dolor sit amet,"acme@lorem-ipsum.org",KITYNV,2012/07/02 23:49,
passenger-19,Lorem ipsum dolor sit amet,"acme@lorem-ipsum.org",ZWR92FW3,2012/07/02 23:49,
passenger-20,Lorem ipsum dolor sit amet,"acme@lorem-ipsum.org",6K7VX0A49,2012/07/02 23:49,
passenger-21,Lorem ipsum dolor sit amet,"acme@lorem-ipsum.org",X8UR0UV,2012/07/02 23:49,
passenger-22,Lorem ipsum dolor sit amet,"acme@lorem-ipsum.org",UAXMZUQ35,2012/07/02 23:49,
passenger-23,Lorem ipsum dolor sit amet,"acme@lorem-ipsum.org",KITYNV,2012/07/02 23:49,
passenger-24,Lorem ipsum dolor sit amet,"acme@lorem-ipsum.org",KITYNV,2012/07/02 23:49,
passenger-25,Lorem ipsum dolor sit amet,"acme@lorem-ipsum.org",KITYNV,2000/01/01 0:00,
passenger-39,Lorem ipsum dolor sit amet,"acme@lorem-ipsum.org",KITYNV,2000/01/01 0:01,
passenger-26,Lorem ipsum dolor sit amet,"acme@lorem-ipsum.org",KITYNV,2022/07/29 23:59,
passenger-27,Lorem ipsum dolor sit amet,"acme@lorem-ipsum.org",KITYNV,2022/01/01 0:00,
passenger-28,Lorem ipsum dolor sit amet,"acme@lorem-ipsum.org",KITYNV,2012/07/02 23:49,Lorem ipsum dolor sit amet
passenger-29,Lorem ipsum dolor sit amet,"acme@lorem-ipsum.org",KITYNV,2012/07/02 23:49,Lorem ipsum dolor sit amet consectetur adipiscingu,false
passenger-30,Lorem ipsum dolor sit amet,"acme@lorem-ipsum.org",KITYNV,2012/07/02 23:49,Lorem ipsum dolor sit amet consectetur adipiscing,true
passenger-31,Lorem ipsum dolor sit amet,"acme@lorem-ipsum.org",KITYNV,2012/07/02 23:49,L
passenger-32,Lorem ipsum dolor sit amet,"acme@lorem-ipsum.org",KITYNV,2012/07/02 23:49,Lo
passenger-33,Lorem ipsum dolor sit amet,"acme@lorem-ipsum.org",KITYNV,2012/07/02 23:49,โลเร็ม อิปซัม
passenger-34,Lorem ipsum dolor sit amet,"acme@lorem-ipsum.org",KITYNV,2012/07/02 23:49,لوريم إيبسوم
passenger-35,Lorem ipsum dolor sit amet,"acme@lorem-ipsum.org",KITYNV,2012/07/02 23:49,洛伦·伊普森
passenger-36,Lorem ipsum dolor sit amet,"acme@lorem-ipsum.org",KITYNV,2012/07/02 23:49,<marquee>Hacked</marquee>
passenger-37,Lorem ipsum dolor sit amet,"acme@lorem-ipsum.org",KITYNV,2012/07/02 23:49,<script>alert(‘Hacked!’);</script>
passenger-38,Lorem ipsum dolor sit amet,"acme@lorem-ipsum.org",KITYNV,2012/07/02 23:49,'' or 'A' = 'A